City_ID,City,Lat,Lng,Max Temp,Humidity,Cloudiness,Wind Speed,Country,Date,Description
0,Rikitea,-23.1203,-134.9692,78.22,72,11,14.05,PF,2021-02-05 23:26:20,light rain
1,Horsham,51.064,-0.3272,44.6,87,75,4.61,GB,2021-02-05 23:27:09,broken clouds
2,Longyearbyen,78.2186,15.6401,24.8,86,75,9.22,SJ,2021-02-05 23:25:13,light snow
3,Flinders,-34.5833,150.8552,70.0,91,100,8.99,AU,2021-02-05 23:25:13,light rain
4,Punta Arenas,-53.15,-70.9167,53.6,47,0,26.46,CL,2021-02-05 23:27:09,clear sky
5,Hilo,19.7297,-155.09,78.8,57,1,11.5,US,2021-02-05 23:13:13,light rain
6,Tecoanapa,16.5167,-98.75,81.63,65,24,7.81,MX,2021-02-05 23:27:10,few clouds
7,Qaanaaq,77.484,-69.3632,-6.68,76,100,8.37,GL,2021-02-05 23:22:53,overcast clouds
8,Aklavik,68.2191,-135.0107,-32.8,75,20,3.44,CA,2021-02-05 23:23:01,few clouds
9,Tuktoyaktuk,69.4541,-133.0374,-31.0,68,75,8.05,CA,2021-02-05 23:23:18,broken clouds
10,Mahebourg,-20.4081,57.7,77.0,83,75,3.44,MU,2021-02-05 23:23:22,light rain
11,Vaini,-21.2,-175.2,84.2,84,75,6.91,TO,2021-02-05 23:23:17,broken clouds
12,Esperance,-33.8667,121.9,60.8,94,90,8.05,AU,2021-02-05 23:24:11,overcast clouds
13,Mataura,-46.1927,168.8643,70.95,51,54,1.79,NZ,2021-02-05 23:27:11,broken clouds
14,Mar Del Plata,-38.0023,-57.5575,73.99,49,0,5.75,AR,2021-02-05 23:25:07,clear sky
15,Pisco,-13.7,-76.2167,71.6,83,0,17.27,PE,2021-02-05 23:23:31,clear sky
16,Emba,48.8264,58.1442,35.24,92,100,14.36,KZ,2021-02-05 23:27:11,overcast clouds
17,Banjar,-8.19,114.9675,78.8,89,40,4.61,ID,2021-02-05 23:27:11,light rain
18,Nadadores,27.05,-101.6,80.01,20,0,5.01,MX,2021-02-05 23:27:12,clear sky
19,Busselton,-33.65,115.3333,60.01,77,94,1.99,AU,2021-02-05 23:22:44,overcast clouds
20,Fort Saint James,54.4333,-124.25,27.36,96,100,1.45,CA,2021-02-05 23:27:12,overcast clouds
21,Hobart,-42.8794,147.3294,71.01,78,75,8.05,AU,2021-02-05 23:27:12,light rain
22,Vaitape,-16.5167,-151.75,81.55,63,1,3.58,PF,2021-02-05 23:27:12,clear sky
23,Bluff,-46.6,168.3333,58.91,74,66,3.42,NZ,2021-02-05 23:22:50,broken clouds
24,Tera,14.0078,0.7531,77.67,17,20,9.91,NE,2021-02-05 23:27:13,few clouds
25,Mahibadhoo,3.7833,72.9667,81.1,71,87,9.46,MV,2021-02-05 23:23:14,overcast clouds
26,Ndele,8.4109,20.6473,76.86,19,14,8.7,CF,2021-02-05 23:27:13,few clouds
27,Bulalacao,12.3254,121.3435,78.58,78,77,17.6,PH,2021-02-05 23:27:13,broken clouds
28,Marystown,47.1666,-55.1483,34.79,88,96,17.31,CA,2021-02-05 23:24:11,overcast clouds
29,Tasiilaq,65.6145,-37.6368,24.8,50,75,2.3,GL,2021-02-05 23:27:13,broken clouds
30,Burnie,-41.0667,145.9167,66.0,93,35,13.0,AU,2021-02-05 23:27:13,scattered clouds
31,Puerto Ayora,-0.7393,-90.3518,82.4,74,40,5.75,EC,2021-02-05 23:23:14,scattered clouds
32,Anantapur,14.6833,77.6,64.35,69,8,3.67,IN,2021-02-05 23:23:55,clear sky
33,Georgetown,5.4112,100.3354,79.0,83,20,6.62,MY,2021-02-05 23:27:14,few clouds
34,Kavieng,-2.5744,150.7967,82.22,74,96,6.33,PG,2021-02-05 23:27:14,overcast clouds
35,Aksarka,66.5606,67.7975,-20.54,87,100,13.91,RU,2021-02-05 23:23:38,light snow
36,Qui Nhon,13.7667,109.2333,68.61,90,43,7.7,VN,2021-02-05 23:23:48,scattered clouds
37,Lazaro Cardenas,17.9583,-102.2,80.19,64,1,6.55,MX,2021-02-05 23:24:27,clear sky
38,Airai,-8.9266,125.4092,62.24,100,100,3.4,TL,2021-02-05 23:27:15,overcast clouds
39,Nikolskoye,59.7035,30.7861,12.0,78,75,11.18,RU,2021-02-05 23:22:59,light snow
40,Salalah,17.0151,54.0924,73.4,60,20,5.75,OM,2021-02-05 23:27:15,few clouds
41,Kahului,20.8947,-156.47,73.4,64,40,11.5,US,2021-02-05 23:27:15,scattered clouds
42,Sayyan,15.1718,44.3244,48.24,68,9,5.37,YE,2021-02-05 23:27:16,clear sky
43,Norman Wells,65.282,-126.8329,-27.4,68,75,2.3,CA,2021-02-05 23:21:11,broken clouds
44,Jamestown,42.097,-79.2353,25.0,63,90,14.97,US,2021-02-05 23:22:26,light snow
45,Najran,17.4924,44.1277,64.4,27,0,10.54,SA,2021-02-05 23:24:26,clear sky
46,Gorontalo,0.5412,123.0595,76.5,88,100,2.13,ID,2021-02-05 23:27:16,overcast clouds
47,Mpophomeni,-29.5682,30.1862,71.01,95,100,1.3,ZA,2021-02-05 23:27:16,overcast clouds
48,Luanda,-8.8368,13.2343,78.8,83,0,9.22,AO,2021-02-05 23:24:48,clear sky
49,Saint George,37.1041,-113.5841,61.0,23,1,24.16,US,2021-02-05 23:25:24,clear sky
50,Mount Isa,-20.7333,139.5,80.6,54,100,14.97,AU,2021-02-05 23:27:17,overcast clouds
51,Cancun,21.1743,-86.8466,80.6,69,40,13.8,MX,2021-02-05 23:26:29,scattered clouds
52,Nouakchott,18.0858,-15.9785,64.4,77,88,17.27,MR,2021-02-05 23:27:17,overcast clouds
53,Barrow,71.2906,-156.7887,-7.6,71,90,11.5,US,2021-02-05 23:27:17,mist
54,Bethel,41.3712,-73.414,36.0,91,100,5.79,US,2021-02-05 23:27:17,overcast clouds
55,Nhulunbuy,-12.2333,136.7667,78.8,89,90,10.36,AU,2021-02-05 23:27:17,light rain
56,Saskylakh,71.9167,114.0833,-29.67,84,90,5.7,RU,2021-02-05 23:22:57,overcast clouds
57,Zhongshu,24.5167,103.7667,50.11,91,98,3.11,CN,2021-02-05 23:27:18,overcast clouds
58,Kapaa,22.0752,-159.319,69.8,60,75,3.44,US,2021-02-05 23:23:03,light rain
59,Mount Gambier,-37.8333,140.7667,62.6,72,40,13.8,AU,2021-02-05 23:22:27,scattered clouds
60,Severo-Kurilsk,50.6789,156.125,14.2,84,51,5.37,RU,2021-02-05 23:23:26,broken clouds
61,Hermanus,-34.4187,19.2345,68.0,87,5,1.99,ZA,2021-02-05 23:23:17,clear sky
62,San Vicente,-26.6167,-54.1333,65.34,63,0,4.63,AR,2021-02-05 23:27:18,light rain
63,Vila Franca Do Campo,37.7167,-25.4333,55.99,94,75,3.44,PT,2021-02-05 23:27:19,broken clouds
64,Korla,41.7597,86.1469,25.77,82,0,2.24,CN,2021-02-05 23:27:19,clear sky
65,Lakes Entrance,-37.8811,147.981,75.0,53,1,14.0,AU,2021-02-05 23:27:19,clear sky
66,Banon,40.8382,-1.1909,51.8,93,75,18.41,ES,2021-02-05 23:27:19,broken clouds
67,Carnarvon,-24.8667,113.6333,80.6,78,90,23.02,AU,2021-02-05 23:22:00,overcast clouds
68,Baykit,61.67,96.37,-3.1,88,100,2.59,RU,2021-02-05 23:27:19,overcast clouds
69,Albany,42.6001,-73.9662,37.99,69,92,4.97,US,2021-02-05 23:23:07,overcast clouds
70,Kautokeino,69.0125,23.0412,16.03,93,69,11.63,NO,2021-02-05 23:27:20,broken clouds
71,Kruisfontein,-34.0033,24.7314,72.0,86,33,1.99,ZA,2021-02-05 23:27:20,scattered clouds
72,Provideniya,64.3833,-173.3,7.92,92,100,12.57,RU,2021-02-05 23:27:20,overcast clouds
73,Tulsipur,28.131,82.2973,48.16,65,0,5.64,NP,2021-02-05 23:27:20,clear sky
74,Ushuaia,-54.8,-68.3,46.4,76,75,25.32,AR,2021-02-05 23:22:43,broken clouds
75,Maniwaki,46.3834,-75.966,28.4,80,99,12.66,CA,2021-02-05 23:27:21,overcast clouds
76,Puerto Leguizamo,-0.1934,-74.7819,76.64,93,91,0.36,CO,2021-02-05 23:27:21,overcast clouds
77,Westport,41.1415,-73.3579,39.0,81,1,6.58,US,2021-02-05 23:27:21,clear sky
78,Bathsheba,13.2167,-59.5167,78.8,65,40,18.41,BB,2021-02-05 23:27:21,scattered clouds
79,Los Llanos De Aridane,28.6585,-17.9182,60.8,51,0,17.27,ES,2021-02-05 23:23:01,clear sky
80,Hamilton,39.1834,-84.5333,36.0,48,20,12.66,US,2021-02-05 23:22:51,few clouds
81,Zaranj,30.9667,61.8833,49.71,37,0,5.73,AF,2021-02-05 23:27:21,clear sky
82,Lata,40.1629,-8.3327,51.01,93,100,1.01,PT,2021-02-05 23:23:16,overcast clouds
83,Eureka,40.8021,-124.1637,57.99,81,0,10.0,US,2021-02-05 23:24:12,clear sky
84,Atuona,-9.8,-139.0333,79.38,82,4,18.05,PF,2021-02-05 23:23:05,light rain
85,Abu Samrah,35.3029,37.1841,48.97,86,0,4.72,SY,2021-02-05 23:27:22,clear sky
86,Oktyabrskoye,43.0645,44.7417,35.04,84,97,4.88,RU,2021-02-05 23:27:22,overcast clouds
87,Byron Bay,-28.65,153.6167,78.8,73,75,2.3,AU,2021-02-05 23:25:06,broken clouds
88,Aldan,58.6031,125.3894,-23.84,85,100,1.88,RU,2021-02-05 23:27:22,overcast clouds
89,Fortuna,40.5982,-124.1573,53.01,87,90,19.57,US,2021-02-05 23:25:06,overcast clouds
90,Ponta Delgada,37.7333,-25.6667,55.0,94,75,3.44,PT,2021-02-05 23:23:25,broken clouds
91,Portland,45.5234,-122.6762,53.6,71,75,6.91,US,2021-02-05 23:25:42,broken clouds
92,Bredasdorp,-34.5322,20.0403,60.8,94,9,2.3,ZA,2021-02-05 23:22:55,clear sky
93,Port Alfred,-33.5906,26.891,70.0,94,82,1.01,ZA,2021-02-05 23:27:23,broken clouds
94,Hithadhoo,-0.6,73.0833,82.24,78,86,13.06,MV,2021-02-05 23:27:23,overcast clouds
95,Dingle,10.9995,122.6711,75.63,90,89,8.03,PH,2021-02-05 23:23:01,overcast clouds
96,Ponta Do Sol,32.6667,-17.1,51.01,68,36,5.01,PT,2021-02-05 23:27:24,scattered clouds
97,Staunton,38.1496,-79.0717,39.2,38,1,5.75,US,2021-02-05 23:27:15,clear sky
98,Sungaipenuh,-2.0833,101.3833,63.01,92,96,4.27,ID,2021-02-05 23:27:24,overcast clouds
99,Angoche,-16.2325,39.9086,78.98,87,100,2.55,MZ,2021-02-05 23:27:24,moderate rain
100,Lompoc,34.6391,-120.4579,68.0,40,1,16.11,US,2021-02-05 23:23:14,clear sky
101,Husavik,66.0449,-17.3389,24.8,68,0,2.3,IS,2021-02-05 23:27:25,clear sky
102,Algiers,36.7525,3.042,75.2,17,20,18.41,DZ,2021-02-05 23:27:25,few clouds
103,Araouane,18.9048,-3.5265,79.72,15,100,7.38,ML,2021-02-05 23:23:31,overcast clouds
104,Hobyo,5.3505,48.5268,75.9,77,36,15.59,SO,2021-02-05 23:27:25,scattered clouds
105,Victoria,22.2855,114.1577,64.99,82,0,4.76,HK,2021-02-05 23:25:43,clear sky
106,New Milford,40.9327,-74.0179,41.0,70,1,3.44,US,2021-02-05 23:27:25,clear sky
107,Mulege,26.8833,-111.9833,69.06,27,0,11.7,MX,2021-02-05 23:27:26,clear sky
108,Campbellton,48.0075,-66.6727,28.4,86,84,2.3,CA,2021-02-05 23:27:26,broken clouds
109,Ilulissat,69.2167,-51.1,8.6,36,7,11.5,GL,2021-02-05 23:27:26,clear sky
110,Hasaki,35.7333,140.8333,35.6,93,75,2.3,JP,2021-02-05 23:23:06,broken clouds
111,Cidreira,-30.1811,-50.2056,68.92,70,17,15.55,BR,2021-02-05 23:27:26,few clouds
112,Ribeira Grande,38.5167,-28.7,58.82,83,76,12.73,PT,2021-02-05 23:27:27,broken clouds
113,Port Hardy,50.6996,-127.4199,44.6,70,75,8.05,CA,2021-02-05 23:27:27,broken clouds
114,Syamzha,60.0158,41.0614,-3.6,91,100,8.39,RU,2021-02-05 23:27:27,light snow
115,Erzin,36.9559,36.2,55.99,80,0,8.01,TR,2021-02-05 23:27:27,clear sky
116,Ust-Maya,60.4167,134.5333,-28.93,84,100,1.25,RU,2021-02-05 23:27:27,overcast clouds
117,Bone,51.9669,12.1396,33.01,93,100,7.0,DE,2021-02-05 23:27:27,overcast clouds
118,Torbay,47.6666,-52.7314,36.0,100,90,27.63,CA,2021-02-05 23:22:54,overcast clouds
119,Clearwater,27.9659,-82.8001,69.8,77,6,11.5,US,2021-02-05 23:27:28,clear sky
120,Saint-Philippe,-21.3585,55.7679,78.8,65,0,6.91,RE,2021-02-05 23:27:28,light rain
121,Thompson,55.7435,-97.8558,-18.4,63,75,14.97,CA,2021-02-05 23:27:28,snow
122,Yellowknife,62.456,-114.3525,-31.0,68,90,12.66,CA,2021-02-05 23:27:28,overcast clouds
123,Plettenberg Bay,-34.0527,23.3716,67.98,91,3,3.2,ZA,2021-02-05 23:23:47,clear sky
124,Benemerito De Las Americas,16.5167,-90.6439,83.23,55,19,2.28,MX,2021-02-05 23:27:28,few clouds
125,New Norfolk,-42.7826,147.0587,70.0,93,88,4.0,AU,2021-02-05 23:22:56,light rain
126,Tubuala,9.5167,-79.0333,86.0,62,20,10.36,PA,2021-02-05 23:27:29,few clouds
127,Mayumba,-3.432,10.6554,78.89,83,74,3.51,GA,2021-02-05 23:27:29,light rain
128,Paralimni,35.0375,33.9833,55.99,76,0,1.14,CY,2021-02-05 23:27:29,clear sky
129,Malayal,7.208,121.942,77.0,88,75,2.3,PH,2021-02-05 23:27:29,broken clouds
130,Kaputa,-8.4689,29.6619,70.23,85,100,3.38,ZM,2021-02-05 23:27:29,overcast clouds
131,Lagoa,39.05,-27.9833,58.51,87,98,15.59,PT,2021-02-05 23:23:29,overcast clouds
132,Upernavik,72.7868,-56.1549,3.36,71,56,5.44,GL,2021-02-05 23:22:56,broken clouds
133,Slavuta,50.3016,26.8651,20.39,93,92,1.9,UA,2021-02-05 23:27:30,overcast clouds
134,Zonguldak,41.25,31.8333,43.47,65,85,4.5,TR,2021-02-05 23:27:30,overcast clouds
135,Saint-Joseph,-21.3667,55.6167,78.8,65,0,6.91,RE,2021-02-05 23:27:30,clear sky
136,Coquimbo,-29.9533,-71.3436,62.6,82,40,11.5,CL,2021-02-05 23:27:05,scattered clouds
137,Avarua,-21.2078,-159.775,86.0,66,75,13.8,CK,2021-02-05 23:27:30,broken clouds
138,Iqaluit,63.7506,-68.5145,23.0,86,75,27.63,CA,2021-02-05 23:27:30,snow
139,Dongning,44.0622,131.1207,13.77,92,99,3.15,CN,2021-02-05 23:27:31,overcast clouds
140,Ahipara,-35.1667,173.1667,71.44,64,100,3.04,NZ,2021-02-05 23:23:07,overcast clouds
141,Santa Helena De Goias,-17.8136,-50.5969,75.56,85,100,5.32,BR,2021-02-05 23:27:31,overcast clouds
142,Arraial Do Cabo,-22.9661,-42.0278,76.12,93,100,6.04,BR,2021-02-05 23:27:31,moderate rain
143,Fort Nelson,58.8053,-122.7002,-13.0,64,20,6.91,CA,2021-02-05 23:27:31,few clouds
144,Vestmannaeyjar,63.4427,-20.2734,41.07,68,96,27.11,IS,2021-02-05 23:27:31,overcast clouds
145,Nesbyen,60.5681,9.1027,10.0,87,10,3.8,NO,2021-02-05 23:27:31,clear sky
146,Shirokiy,49.758,129.523,-21.05,87,81,6.13,RU,2021-02-05 23:27:32,broken clouds
147,Puro,12.4841,123.3827,77.79,85,26,10.8,PH,2021-02-05 23:27:32,scattered clouds
148,East London,-33.0153,27.9116,73.67,88,99,9.75,ZA,2021-02-05 23:22:58,light rain
149,Dikson,73.5069,80.5464,-32.85,84,5,10.56,RU,2021-02-05 23:23:15,clear sky
150,Moron,-34.6534,-58.6198,73.99,63,0,3.0,AR,2021-02-05 23:27:32,clear sky
151,Okhotsk,59.3833,143.3,-1.32,85,99,6.55,RU,2021-02-05 23:23:33,overcast clouds
152,Cape Town,-33.9258,18.4232,71.01,88,0,18.41,ZA,2021-02-05 23:24:14,clear sky
153,Goderich,43.7501,-81.7165,21.2,68,100,26.46,CA,2021-02-05 23:27:33,light snow
154,Khatanga,71.9667,102.5,-32.96,79,24,7.92,RU,2021-02-05 23:23:14,few clouds
155,Castro,-24.7911,-50.0119,62.51,59,0,2.51,BR,2021-02-05 23:22:57,clear sky
156,Northam,51.0333,-4.2167,39.0,94,56,5.01,GB,2021-02-05 23:27:33,broken clouds
157,Maunabo,18.0072,-65.8993,78.01,84,14,3.0,PR,2021-02-05 23:27:33,few clouds
158,Novikovo,51.1537,37.8879,12.15,93,100,12.77,RU,2021-02-05 23:27:34,overcast clouds
159,Sabang,5.8933,95.3214,81.01,77,9,15.64,ID,2021-02-05 23:24:39,clear sky
160,Grand Forks,47.9417,-97.4337,3.2,60,20,19.57,US,2021-02-05 23:27:34,few clouds
161,Raudeberg,61.9875,5.1352,27.0,57,0,8.52,NO,2021-02-05 23:23:30,clear sky
162,Pitkyaranta,61.5734,31.4792,5.25,92,77,14.47,RU,2021-02-05 23:27:34,broken clouds
163,Paka,4.6374,103.4368,75.2,100,40,6.67,MY,2021-02-05 23:27:34,scattered clouds
164,Baruun-Urt,46.6806,113.2792,-0.83,89,85,6.51,MN,2021-02-05 23:23:50,overcast clouds
165,Marawi,7.9986,124.2928,72.0,89,98,5.01,PH,2021-02-05 23:23:50,overcast clouds
166,Clyde River,70.4692,-68.5914,-14.8,76,90,11.5,CA,2021-02-05 23:23:22,light snow
167,Rio Gallegos,-51.6226,-69.2181,59.0,29,20,25.32,AR,2021-02-05 23:27:35,few clouds
168,Boa Viagem,-5.1275,-39.7322,80.11,54,1,7.87,BR,2021-02-05 23:27:35,clear sky
169,Nyimba,-14.5566,30.8149,69.55,93,99,4.03,ZM,2021-02-05 23:27:36,light rain
170,Guatire,10.4762,-66.5427,84.2,79,40,4.23,VE,2021-02-05 23:27:36,scattered clouds
171,Ginda,30.6945,78.4932,32.2,70,5,7.49,IN,2021-02-05 23:27:36,clear sky
172,Menongue,-14.6585,17.691,65.89,84,99,2.26,AO,2021-02-05 23:23:45,light rain
173,Badvel,14.75,79.05,63.73,84,23,3.33,IN,2021-02-05 23:27:36,few clouds
174,Lebu,-37.6167,-73.65,61.72,81,6,7.87,CL,2021-02-05 23:27:36,clear sky
175,Krasnoselkup,65.7,82.4667,-25.08,85,94,5.17,RU,2021-02-05 23:23:49,overcast clouds
176,Osa,57.2829,55.4567,35.8,96,100,13.29,RU,2021-02-05 23:27:37,overcast clouds
177,Vila Velha,-20.3297,-40.2925,82.4,74,75,11.5,BR,2021-02-05 23:27:37,broken clouds
178,Majene,-3.5403,118.9707,78.3,80,100,3.6,ID,2021-02-05 23:27:37,overcast clouds
179,Berlevag,70.8578,29.0864,26.6,86,75,25.32,NO,2021-02-05 23:27:37,light snow
180,Svetlogorsk,52.6333,29.7333,13.66,96,80,8.19,BY,2021-02-05 23:27:37,broken clouds
181,Dawlatabad,36.4141,64.9053,48.47,45,50,3.09,AF,2021-02-05 23:27:37,scattered clouds
182,Kipushi,-11.7667,27.2333,64.06,97,100,2.73,CD,2021-02-05 23:27:38,moderate rain
183,Council Bluffs,41.2619,-95.8608,24.01,58,20,11.5,US,2021-02-05 23:27:37,few clouds
184,Paracuru,-3.41,-39.0306,81.0,74,4,15.99,BR,2021-02-05 23:27:38,clear sky
185,Sibenik,43.7272,15.9058,57.2,77,90,9.22,HR,2021-02-05 23:27:38,overcast clouds
186,Groningen,53.25,6.75,36.0,93,90,9.22,NL,2021-02-05 23:24:14,mist
187,Barkhan,29.8977,69.5256,43.52,51,0,1.41,PK,2021-02-05 23:27:39,clear sky
188,Bilma,18.6853,12.9164,63.45,28,0,7.58,NE,2021-02-05 23:27:39,clear sky
189,Kaya,13.0917,-1.0844,78.15,18,0,10.09,BF,2021-02-05 23:27:39,clear sky
190,Sandwick,60.0,-1.25,32.0,69,90,20.71,GB,2021-02-05 23:27:39,overcast clouds
191,Kantunilkin,21.0917,-87.45,80.6,69,40,13.8,MX,2021-02-05 23:27:40,scattered clouds
192,Bambanglipuro,-7.95,110.2833,75.49,87,61,5.32,ID,2021-02-05 23:23:40,broken clouds
193,Viisoara,46.55,23.9167,41.0,93,75,1.14,RO,2021-02-05 23:27:40,mist
194,Rayong,12.8333,101.4333,73.0,82,0,1.63,TH,2021-02-05 23:27:40,clear sky
195,Yeppoon,-23.1333,150.7333,84.2,54,40,6.91,AU,2021-02-05 23:27:40,scattered clouds
196,Codrington,-38.2667,141.9667,62.22,74,50,15.08,AU,2021-02-05 23:23:19,scattered clouds
197,Kirakira,-10.4544,161.9205,83.21,77,46,11.39,SB,2021-02-05 23:23:46,scattered clouds
198,Salinas,36.6777,-121.6555,66.2,34,1,12.66,US,2021-02-05 23:27:03,clear sky
199,Exu,-7.5119,-39.7242,86.0,39,0,2.3,BR,2021-02-05 23:27:41,clear sky
200,Cabo San Lucas,22.8909,-109.9124,79.0,34,1,10.36,MX,2021-02-05 23:22:45,clear sky
201,Muros,42.7762,-9.0603,51.01,81,100,8.01,ES,2021-02-05 23:27:41,overcast clouds
202,Xacmaz,41.4635,48.806,50.5,67,91,4.45,AZ,2021-02-05 23:27:41,overcast clouds
203,Porto Santo,33.072,-16.3415,57.2,67,40,17.27,PT,2021-02-05 23:27:42,scattered clouds
204,Rawson,-43.3002,-65.1023,64.49,71,3,29.28,AR,2021-02-05 23:25:18,clear sky
205,Kurumkan,54.3,110.3,-9.6,80,22,3.04,RU,2021-02-05 23:27:42,few clouds
206,Gudari,19.35,83.7833,58.15,81,0,1.05,IN,2021-02-05 23:27:42,clear sky
207,Kieta,-6.2167,155.6333,84.31,70,7,7.49,PG,2021-02-05 23:27:42,clear sky
208,Namibe,-15.1961,12.1522,71.47,79,30,7.54,AO,2021-02-05 23:27:42,scattered clouds
209,Nara,34.6851,135.8049,46.99,70,40,1.14,JP,2021-02-05 23:27:42,scattered clouds
210,Yar-Sale,66.8333,70.8333,-19.12,88,100,9.17,RU,2021-02-05 23:27:43,overcast clouds
211,Kodiak,57.79,-152.4072,39.2,70,40,9.22,US,2021-02-05 23:23:14,scattered clouds
212,Kade,52.3833,12.2667,32.0,82,97,3.0,DE,2021-02-05 23:27:43,light snow
213,Leningradskiy,69.3833,178.4167,-10.34,87,99,7.99,RU,2021-02-05 23:23:09,overcast clouds
214,Katobu,-4.9408,122.5276,77.36,91,84,3.74,ID,2021-02-05 23:27:43,light rain
215,Bac Lieu,9.285,105.7244,75.74,78,70,15.99,VN,2021-02-05 23:23:17,broken clouds
216,Trelew,-43.249,-65.3051,64.99,67,5,29.77,AR,2021-02-05 23:27:44,clear sky
217,Blind River,46.1834,-82.9582,24.8,68,90,17.27,CA,2021-02-05 23:27:44,light snow
218,Ancud,-41.8697,-73.8203,78.8,38,0,14.97,CL,2021-02-05 23:23:03,clear sky
219,Tautira,-17.7333,-149.15,82.4,69,75,8.05,PF,2021-02-05 23:27:44,light rain
220,Nieuw Nickerie,5.95,-56.9833,77.85,80,60,14.38,SR,2021-02-05 23:27:44,broken clouds
221,Ville-Marie,47.3335,-79.433,24.8,86,90,29.93,CA,2021-02-05 23:27:45,light snow
222,Illapel,-31.6308,-71.1653,71.89,47,0,5.79,CL,2021-02-05 23:27:45,clear sky
223,Enid,36.3956,-97.8784,55.0,28,20,6.91,US,2021-02-05 23:27:45,few clouds
224,Vestmanna,62.1564,-7.1664,32.0,100,20,4.61,FO,2021-02-05 23:27:45,light snow
225,Manhattan,40.7834,-73.9662,44.6,61,1,5.08,US,2021-02-05 23:23:54,clear sky
226,Tiksi,71.6872,128.8694,-21.87,88,100,8.9,RU,2021-02-05 23:23:13,overcast clouds
227,Lavrentiya,65.5833,-171.0,2.75,92,100,14.52,RU,2021-02-05 23:23:14,light snow
228,Quelimane,-17.8786,36.8883,84.0,89,20,2.3,MZ,2021-02-05 23:27:46,few clouds
229,Kampot,10.6167,104.1833,73.4,94,20,3.44,KH,2021-02-05 23:23:02,few clouds
230,Mugi,42.2994,47.4208,42.01,87,90,24.61,RU,2021-02-05 23:27:46,overcast clouds
231,Tamandare,-8.7597,-35.1047,78.66,80,2,8.9,BR,2021-02-05 23:27:46,clear sky
232,Bambous Virieux,-20.3428,57.7575,77.0,83,75,3.44,MU,2021-02-05 23:23:19,light rain
233,Banswara,23.55,74.45,57.69,37,0,6.67,IN,2021-02-05 23:27:46,clear sky
234,Nizip,37.0097,37.7942,39.2,75,0,4.61,TR,2021-02-05 23:27:46,clear sky
235,Cherskiy,68.75,161.3,-16.37,77,0,2.28,RU,2021-02-05 23:27:47,clear sky
236,Beyneu,45.3167,55.2,41.95,81,100,17.63,KZ,2021-02-05 23:27:47,overcast clouds
237,Ahwa,20.75,73.6833,62.06,31,0,3.62,IN,2021-02-05 23:27:47,clear sky
238,Timizart,36.8,4.2667,57.88,41,67,11.79,DZ,2021-02-05 23:27:47,broken clouds
239,Chillan,-36.6066,-72.1034,78.8,50,0,3.44,CL,2021-02-05 23:27:45,clear sky
240,Faanui,-16.4833,-151.75,81.61,63,1,2.13,PF,2021-02-05 23:23:32,clear sky
241,Dong Hoi,17.4833,106.6,66.85,90,27,2.39,VN,2021-02-05 23:27:48,scattered clouds
242,Butaritari,3.0707,172.7902,81.61,80,87,18.52,KI,2021-02-05 23:22:59,light rain
243,Narsaq,60.9167,-46.05,17.6,49,0,2.3,GL,2021-02-05 23:23:15,clear sky
244,Meulaboh,4.1363,96.1285,75.96,88,30,4.0,ID,2021-02-05 23:27:48,light rain
245,Southbridge,42.0751,-72.0334,37.0,83,99,4.72,US,2021-02-05 23:27:49,overcast clouds
246,Bud,39.447,-86.1758,30.99,71,67,10.56,US,2021-02-05 23:27:49,broken clouds
247,Snasa,64.2457,12.3778,10.36,83,52,1.1,NO,2021-02-05 23:27:49,broken clouds
248,Santarem,-2.4431,-54.7083,80.6,83,20,4.61,BR,2021-02-05 23:27:49,few clouds
249,Yerbogachen,61.2767,108.0108,-7.62,91,100,3.2,RU,2021-02-05 23:27:49,overcast clouds
250,Muscat,23.6139,58.5922,64.4,82,0,6.55,OM,2021-02-05 23:22:52,clear sky
251,Lubango,-14.9172,13.4925,63.63,55,28,3.04,AO,2021-02-05 23:27:49,scattered clouds
252,Chuy,-33.6971,-53.4616,62.47,80,23,8.95,UY,2021-02-05 23:23:00,few clouds
253,Karasburg,-28.0167,18.75,75.45,37,0,10.36,NA,2021-02-05 23:27:50,clear sky
254,Aswan,24.0934,32.907,59.16,50,0,12.01,EG,2021-02-05 23:27:50,clear sky
255,Villarrica,-25.75,-56.4333,68.43,77,0,5.39,PY,2021-02-05 23:27:50,clear sky
256,Guerrero Negro,27.9769,-114.0611,67.53,40,0,17.13,MX,2021-02-05 23:23:14,clear sky
257,Broome,42.2506,-75.833,33.8,47,20,18.41,US,2021-02-05 23:27:50,few clouds
258,Kavaratti,10.5669,72.642,80.42,77,0,13.02,IN,2021-02-05 23:23:19,clear sky
259,Constitucion,-35.3333,-72.4167,61.36,78,22,3.15,CL,2021-02-05 23:23:16,few clouds
260,Sao Miguel Do Araguaia,-13.275,-50.1628,75.96,89,99,3.09,BR,2021-02-05 23:27:51,overcast clouds
261,Zhiryatino,53.2228,33.7306,8.94,95,92,7.7,RU,2021-02-05 23:27:51,snow
262,Saint-Francois,46.4154,3.9054,46.0,100,20,2.3,FR,2021-02-05 23:27:51,mist
263,Puerto Carreno,6.189,-67.4859,88.09,41,97,11.39,CO,2021-02-05 23:24:10,overcast clouds
264,Souillac,-20.5167,57.5167,77.0,83,75,3.44,MU,2021-02-05 23:27:51,broken clouds
265,Les Cayes,18.2,-73.75,76.93,82,45,7.56,HT,2021-02-05 23:27:51,scattered clouds
266,Bestobe,52.4994,73.0975,24.67,98,62,9.17,KZ,2021-02-05 23:27:52,broken clouds
267,Port Elizabeth,-33.918,25.5701,69.8,94,90,8.05,ZA,2021-02-05 23:23:20,overcast clouds
268,Anadyr,64.75,177.4833,0.0,85,40,17.9,RU,2021-02-05 23:27:52,light snow
269,Parambu,-6.2111,-40.6944,77.99,42,5,5.53,BR,2021-02-05 23:27:52,clear sky
270,Caravelas,-17.7125,-39.2481,80.2,80,90,14.38,BR,2021-02-05 23:24:19,moderate rain
271,Kropotkin,45.4375,40.5756,32.18,90,25,14.81,RU,2021-02-05 23:27:52,scattered clouds
272,Palora,-1.7,-77.9333,71.6,83,40,5.75,EC,2021-02-05 23:27:53,light rain
273,North Bend,43.4065,-124.2243,53.01,93,90,6.91,US,2021-02-05 23:27:53,overcast clouds
274,Luderitz,-26.6481,15.1594,71.64,50,0,20.51,NA,2021-02-05 23:27:53,clear sky
275,Yulara,-25.2406,130.9889,73.4,28,14,16.11,AU,2021-02-05 23:23:30,few clouds
276,Sucua,-2.4667,-78.1667,75.2,69,20,5.75,EC,2021-02-05 23:27:53,light rain
277,Chokurdakh,70.6333,147.9167,-15.05,88,100,12.01,RU,2021-02-05 23:27:53,overcast clouds
278,Les Escoumins,48.1111,-69.0236,28.4,80,100,5.75,CA,2021-02-05 23:27:54,light snow
279,Kalmunai,7.4167,81.8167,75.56,87,91,8.23,LK,2021-02-05 23:27:54,overcast clouds
280,Dunedin,-45.8742,170.5036,60.01,70,94,25.99,NZ,2021-02-05 23:23:09,overcast clouds
281,Kulhudhuffushi,6.6221,73.07,81.68,71,70,9.48,MV,2021-02-05 23:27:54,broken clouds
282,Nunoa,-14.48,-70.6411,51.44,68,100,3.49,PE,2021-02-05 23:27:55,light rain
283,Verkhnevilyuysk,63.4453,120.3167,-42.16,80,30,3.33,RU,2021-02-05 23:27:55,scattered clouds
284,Viedma,-40.8135,-62.9967,81.82,33,0,17.11,AR,2021-02-05 23:27:55,clear sky
285,Richards Bay,-28.783,32.0377,75.6,91,99,2.71,ZA,2021-02-05 23:23:42,light rain
286,Namatanai,-3.6667,152.4333,80.46,80,96,8.25,PG,2021-02-05 23:27:55,overcast clouds
287,Soyo,-6.1349,12.3689,79.81,87,70,7.34,AO,2021-02-05 23:27:55,broken clouds
288,Yelizovo,53.1873,158.3805,-2.2,65,100,4.47,RU,2021-02-05 23:27:56,overcast clouds
289,Whitecourt,54.1502,-115.6855,-0.4,71,75,11.5,CA,2021-02-05 23:27:56,broken clouds
290,Amudat,1.95,34.95,75.27,41,97,5.35,UG,2021-02-05 23:27:09,overcast clouds
291,Kondinskoye,59.6481,67.41,33.64,98,100,11.36,RU,2021-02-05 23:27:56,overcast clouds
292,Alofi,-19.0595,-169.9187,78.8,89,100,14.97,NU,2021-02-05 23:23:15,light rain
293,Biak,-0.9131,122.8766,76.98,80,100,8.55,ID,2021-02-05 23:23:14,overcast clouds
294,Kerman,30.2832,57.0788,39.2,20,0,4.61,IR,2021-02-05 23:27:57,clear sky
295,College,64.8569,-147.8028,-5.8,70,75,3.44,US,2021-02-05 23:27:57,broken clouds
296,Kamaishi,39.2667,141.8833,33.8,100,75,3.44,JP,2021-02-05 23:27:57,light rain
297,Blora,-6.9698,111.4186,73.98,94,67,5.01,ID,2021-02-05 23:27:57,moderate rain
298,Vao,-22.6667,167.4833,78.49,86,0,10.76,NC,2021-02-05 23:23:16,clear sky
299,Half Moon Bay,37.4636,-122.4286,68.0,93,90,13.8,US,2021-02-05 23:27:57,mist
300,Mora,11.0461,14.1401,63.72,27,0,4.68,CM,2021-02-05 23:27:57,clear sky
301,Harboore,56.6175,8.1807,24.01,81,48,11.01,DK,2021-02-05 23:27:58,scattered clouds
302,Kihei,20.785,-156.4656,73.4,64,40,11.5,US,2021-02-05 23:25:07,scattered clouds
303,San Patricio,28.017,-97.5169,60.8,67,90,12.66,US,2021-02-05 23:27:58,overcast clouds
304,Fontem,5.4685,9.8818,69.78,54,48,1.99,CM,2021-02-05 23:27:58,scattered clouds
305,Iberia,29.9502,-91.7507,44.6,87,90,12.66,US,2021-02-05 23:27:58,mist
306,Tabou,4.423,-7.3528,79.02,90,21,7.76,CI,2021-02-05 23:27:58,few clouds
307,Comodoro Rivadavia,-45.8667,-67.5,62.6,55,0,13.8,AR,2021-02-05 23:27:59,clear sky
308,Atar,20.5169,-13.0499,63.32,44,96,13.02,MR,2021-02-05 23:27:59,overcast clouds
309,Nome,64.5011,-165.4064,15.8,79,90,28.77,US,2021-02-05 23:27:59,light snow
310,Anloga,5.7947,0.8973,84.2,84,20,6.91,GH,2021-02-05 23:23:45,few clouds
311,San Quintin,30.4833,-115.95,61.14,70,0,13.78,MX,2021-02-05 23:23:38,clear sky
312,Mikhaylovka,50.06,43.2379,19.99,83,88,11.01,RU,2021-02-05 23:27:59,overcast clouds
313,Vredendal,-31.6683,18.5012,61.74,83,0,2.04,ZA,2021-02-05 23:28:00,clear sky
314,Booue,-0.0921,11.9385,74.37,89,56,2.13,GA,2021-02-05 23:28:00,broken clouds
315,Itambacuri,-18.0311,-41.685,76.1,79,100,6.22,BR,2021-02-05 23:28:00,overcast clouds
316,Bonavista,48.6499,-53.1147,37.0,100,99,6.91,CA,2021-02-05 23:28:00,overcast clouds
317,Knysna,-34.0363,23.0471,66.2,94,0,3.44,ZA,2021-02-05 23:28:00,clear sky
318,Saint Simons,31.1352,-81.3901,64.0,88,90,4.61,US,2021-02-05 23:28:01,light rain
319,Nanortalik,60.1432,-45.2371,20.14,74,0,3.42,GL,2021-02-05 23:28:01,clear sky
320,Anqing,30.5092,117.0506,44.35,92,0,4.25,CN,2021-02-05 23:28:01,clear sky
321,Bandar-E Lengeh,26.5579,54.8807,66.52,58,0,12.48,IR,2021-02-05 23:28:01,clear sky
322,Weligama,5.9667,80.4167,74.01,89,54,4.81,LK,2021-02-05 23:28:01,broken clouds
323,Zinder,13.8072,8.9881,68.2,22,0,12.71,NE,2021-02-05 23:28:01,clear sky
324,Lewisporte,49.2499,-55.0482,33.8,93,75,13.8,CA,2021-02-05 23:28:02,light intensity drizzle
325,Port Lincoln,-34.7333,135.8667,64.17,78,88,17.43,AU,2021-02-05 23:28:02,overcast clouds
326,Hualmay,-11.0964,-77.6139,72.32,73,73,9.95,PE,2021-02-05 23:28:02,broken clouds
327,Ostrovnoy,68.0531,39.5131,12.88,92,100,10.49,RU,2021-02-05 23:28:02,overcast clouds
328,Puga,21.5833,-104.8167,82.4,44,1,8.05,MX,2021-02-05 23:28:02,clear sky
329,Saint-Leu,-21.15,55.2833,75.99,57,11,4.68,RE,2021-02-05 23:23:43,few clouds
330,Leninskoye,41.7589,69.3864,48.2,34,20,6.91,KZ,2021-02-05 23:28:03,few clouds
331,Mutare,-18.9707,32.6709,66.31,97,98,3.0,ZW,2021-02-05 23:28:03,overcast clouds
332,Puerto Escondido,15.85,-97.0667,82.4,69,75,9.22,MX,2021-02-05 23:28:03,broken clouds
333,Laguna,38.421,-121.4238,62.6,39,1,3.44,US,2021-02-05 23:28:03,clear sky
334,Prince Rupert,54.3161,-130.3201,39.2,75,90,3.44,CA,2021-02-05 23:28:03,overcast clouds
335,Sain Alto,23.5833,-103.25,76.96,18,0,19.93,MX,2021-02-05 23:28:03,clear sky
336,Sur,22.5667,59.5289,63.91,64,0,6.44,OM,2021-02-05 23:28:04,clear sky
337,Berea,41.3662,-81.8543,25.0,68,90,16.11,US,2021-02-05 23:28:04,light snow
338,Machado,-21.6747,-45.9197,71.44,89,99,5.23,BR,2021-02-05 23:28:04,light rain
339,Port Jervis,41.3751,-74.6927,37.99,48,91,8.01,US,2021-02-05 23:28:04,overcast clouds
340,Vyartsilya,62.1764,30.693,5.13,92,99,8.37,RU,2021-02-05 23:28:04,overcast clouds
341,Kibaha,-6.7667,38.9167,72.99,92,60,2.73,TZ,2021-02-05 23:28:04,broken clouds
342,Cayenne,4.9333,-52.3333,75.2,100,90,6.91,GF,2021-02-05 23:23:20,overcast clouds
343,Alta Floresta,-9.8756,-56.0861,74.66,96,100,3.04,BR,2021-02-05 23:28:05,overcast clouds
344,Touros,-5.1989,-35.4608,78.8,78,0,5.75,BR,2021-02-05 23:28:05,clear sky
345,Saldanha,-33.0117,17.9442,62.6,88,0,6.91,ZA,2021-02-05 23:28:05,clear sky
346,Bilibino,68.0546,166.4372,-14.8,76,16,4.03,RU,2021-02-05 23:24:30,few clouds
347,Camocim,-2.9022,-40.8411,78.64,80,10,15.41,BR,2021-02-05 23:28:05,clear sky
348,Taos,36.4072,-105.5731,39.2,41,1,26.46,US,2021-02-05 23:28:06,clear sky
349,Vardo,70.3705,31.1107,24.8,79,75,12.66,NO,2021-02-05 23:28:06,light snow
350,Aktau,43.65,51.2,44.6,81,40,22.37,KZ,2021-02-05 23:28:06,scattered clouds
351,Mount Kisco,41.2043,-73.7271,37.4,75,1,5.14,US,2021-02-05 23:24:03,clear sky
352,Guder,8.9667,37.7667,57.92,43,16,2.73,ET,2021-02-05 23:28:07,few clouds
353,Mantua,45.1667,10.7833,48.0,94,88,1.07,IT,2021-02-05 23:23:36,overcast clouds
354,Filadelfia,39.9523,-75.1638,44.6,65,40,3.44,US,2021-02-05 23:27:58,scattered clouds
355,Buraydah,26.326,43.975,53.6,94,75,10.36,SA,2021-02-05 23:28:07,light rain
356,Salvador,13.8333,-88.9167,86.0,57,0,8.05,SV,2021-02-05 23:26:15,clear sky
357,Alexandria,31.2156,29.9553,62.6,72,40,5.75,EG,2021-02-05 23:28:07,scattered clouds
358,Isangel,-19.55,169.2667,84.2,79,20,3.44,VU,2021-02-05 23:23:48,few clouds
359,Grand Gaube,-20.0064,57.6608,75.99,80,8,3.0,MU,2021-02-05 23:28:08,light rain
360,Frunze,48.6686,38.7544,23.74,87,13,14.07,UA,2021-02-05 23:28:08,few clouds
361,Geraldton,-28.7667,114.6,60.8,88,90,25.32,AU,2021-02-05 23:28:08,overcast clouds
362,Sao Joao Do Paraiso,-15.3136,-42.0144,71.01,84,100,1.28,BR,2021-02-05 23:28:08,overcast clouds
363,Luau,-10.7073,22.2247,66.87,89,94,2.57,AO,2021-02-05 23:28:08,overcast clouds
364,Faya,18.3851,42.4509,55.4,43,0,16.11,SA,2021-02-05 23:23:19,clear sky
365,Barranca,-10.75,-77.7667,71.78,74,93,7.43,PE,2021-02-05 23:28:09,overcast clouds
366,San Pedro,14.35,121.0167,79.0,78,75,1.14,PH,2021-02-05 23:23:29,broken clouds
367,Sao Joao Da Barra,-21.6403,-41.0511,78.26,87,96,9.55,BR,2021-02-05 23:23:52,overcast clouds
368,Sigli,5.3848,95.9609,77.45,80,21,2.26,ID,2021-02-05 23:28:09,few clouds
369,Egvekinot,66.3167,-179.1667,-9.51,93,100,16.44,RU,2021-02-05 23:23:30,snow
370,Jharsuguda,21.85,84.0333,55.09,43,13,2.75,IN,2021-02-05 23:28:09,few clouds
371,Haines Junction,60.7522,-137.5108,-5.8,59,97,1.36,CA,2021-02-05 23:23:44,overcast clouds
372,Freeport,40.6576,-73.5832,41.0,81,1,7.63,US,2021-02-05 23:27:12,clear sky
373,Rantauprapat,2.1,99.8333,71.67,95,100,2.28,ID,2021-02-05 23:28:10,overcast clouds
374,Prattville,32.464,-86.4597,53.6,30,90,3.44,US,2021-02-05 23:28:10,overcast clouds
375,Placido De Castro,-10.3353,-67.1856,76.95,95,99,2.46,BR,2021-02-05 23:28:10,heavy intensity rain
376,Gizo,-8.103,156.8419,84.11,73,22,11.05,SB,2021-02-05 23:25:08,light rain
377,Killybegs,54.6333,-8.45,37.0,95,47,9.19,IE,2021-02-05 23:28:10,scattered clouds
378,Moussoro,13.6408,16.4901,67.08,25,0,15.21,TD,2021-02-05 23:24:31,clear sky
379,Ixtapa,20.7,-105.2,75.2,69,1,9.22,MX,2021-02-05 23:28:11,clear sky
380,Marrakesh,31.6315,-8.0083,50.0,87,75,10.36,MA,2021-02-05 23:23:47,broken clouds
381,Coxim,-18.5067,-54.76,78.4,73,52,7.23,BR,2021-02-05 23:28:11,broken clouds
382,Mutis,6.2262,-77.4044,80.08,79,99,4.61,CO,2021-02-05 23:28:11,overcast clouds
383,Yate,51.5407,-2.4184,39.0,93,4,1.01,GB,2021-02-05 23:28:11,clear sky
384,Verkhoyansk,67.5447,133.385,-30.5,81,100,1.1,RU,2021-02-05 23:28:12,overcast clouds
385,Pevek,69.7008,170.3133,-17.12,85,20,0.78,RU,2021-02-05 23:28:12,few clouds
386,Qaqortoq,60.7167,-46.0333,17.6,49,0,2.3,GL,2021-02-05 23:23:39,clear sky
387,Kortkeros,61.8106,51.5806,-4.0,84,75,11.18,RU,2021-02-05 23:28:12,light snow
388,Axim,4.8699,-2.2405,79.83,87,11,9.42,GH,2021-02-05 23:28:12,few clouds
389,Sungairaya,0.7,108.9,76.24,89,100,8.86,ID,2021-02-05 23:28:12,overcast clouds
390,Mildura,-34.2,142.15,66.2,68,75,12.66,AU,2021-02-05 23:28:13,broken clouds
391,San Juan,-31.5375,-68.5364,90.12,17,0,8.99,AR,2021-02-05 23:28:13,clear sky
392,High Level,58.5169,-117.136,-16.6,69,1,3.44,CA,2021-02-05 23:28:03,clear sky
393,Wagar,16.1525,36.2032,59.07,34,0,9.8,SD,2021-02-05 23:25:08,clear sky
394,Saint-Pierre,-21.3393,55.4781,78.8,65,0,6.91,RE,2021-02-05 23:24:23,clear sky
395,Motala,58.5371,15.0365,8.6,85,19,3.44,SE,2021-02-05 23:28:13,few clouds
396,Choszczno,53.169,15.4205,30.0,61,99,8.01,PL,2021-02-05 23:28:13,overcast clouds
397,Adamas,36.7333,24.4333,53.6,100,0,4.61,GR,2021-02-05 23:28:14,clear sky
398,Takoradi,4.8845,-1.7554,79.72,88,61,6.33,GH,2021-02-05 23:28:14,broken clouds
399,Nerchinskiy Zavod,51.3088,119.61,-21.69,85,16,1.61,RU,2021-02-05 23:28:14,few clouds
400,Camana,-16.6228,-72.7111,72.52,71,77,4.65,PE,2021-02-05 23:28:14,broken clouds
401,Tzaneen,-23.8332,30.1635,64.4,94,40,2.3,ZA,2021-02-05 23:28:14,light rain
402,Witu,-2.3889,40.4382,78.8,92,1,4.61,KE,2021-02-05 23:28:15,clear sky
403,Lar,26.2039,83.9717,55.65,71,69,7.76,IN,2021-02-05 23:28:15,broken clouds
404,Tura,25.5198,90.2201,60.69,45,0,3.56,IN,2021-02-05 23:23:40,clear sky
405,Aurillac,44.9167,2.45,52.0,76,100,16.11,FR,2021-02-05 23:28:15,overcast clouds
406,Juneau,58.3019,-134.4197,24.8,86,90,4.07,US,2021-02-05 23:24:20,overcast clouds
407,Ojinaga,29.5667,-104.4167,75.2,11,1,10.36,MX,2021-02-05 23:28:15,clear sky
408,Rio Grande,-32.035,-52.0986,64.99,84,37,15.46,BR,2021-02-05 23:23:31,scattered clouds
409,Port Macquarie,-31.4333,152.9167,82.99,57,93,1.99,AU,2021-02-05 23:27:20,overcast clouds
410,Itarema,-2.9248,-39.9167,77.9,82,11,11.61,BR,2021-02-05 23:28:16,few clouds
411,Vostok,46.4856,135.8833,-0.06,94,100,3.11,RU,2021-02-05 23:28:16,overcast clouds
412,Poum,-20.2333,164.0167,80.06,72,0,8.14,NC,2021-02-05 23:28:16,clear sky
413,Roma,43.2128,-75.4557,33.8,75,90,14.97,US,2021-02-05 23:25:57,light snow
414,Aras,42.5617,-2.356,51.8,82,20,8.05,ES,2021-02-05 23:28:16,few clouds
415,Tumpat,6.1978,102.171,77.0,94,20,2.3,MY,2021-02-05 23:28:17,few clouds
416,Kalabo,-14.97,22.6814,68.9,88,88,0.85,ZM,2021-02-05 23:28:17,moderate rain
417,Labrea,-7.2586,-64.7981,73.96,96,100,2.26,BR,2021-02-05 23:28:17,light rain
418,Camacha,33.0833,-16.3333,57.2,67,40,17.27,PT,2021-02-05 23:23:18,scattered clouds
419,Santa Rosa De Aguan,15.95,-85.7167,84.2,70,1,3.44,HN,2021-02-05 23:28:17,clear sky
420,Vilhena,-12.7406,-60.1458,75.2,94,75,3.44,BR,2021-02-05 23:28:17,light rain
421,Sinjar,36.3209,41.8754,46.44,85,3,4.0,IQ,2021-02-05 23:28:18,clear sky
422,Vanimo,-2.6741,141.3028,77.47,83,100,4.29,PG,2021-02-05 23:24:33,overcast clouds
423,Surgut,61.25,73.4167,17.6,100,90,6.71,RU,2021-02-05 23:28:18,light snow
424,Pierre,44.3683,-100.351,24.8,46,20,17.27,US,2021-02-05 23:28:18,few clouds
425,Hofn,64.2539,-15.2082,37.38,78,100,15.28,IS,2021-02-05 23:28:18,overcast clouds
426,Sorland,67.667,12.6934,30.2,80,40,8.05,NO,2021-02-05 23:28:18,scattered clouds
427,Krasnyy Oktyabr,56.1167,38.8833,-1.44,92,85,7.0,RU,2021-02-05 23:28:19,overcast clouds
428,Chingirlau,51.095,54.0814,33.94,99,100,10.65,KZ,2021-02-05 23:28:19,snow
429,Huarmey,-10.0681,-78.1522,72.7,71,84,9.55,PE,2021-02-05 23:28:19,broken clouds
430,Tarakan,3.3,117.6333,77.0,94,40,2.3,ID,2021-02-05 23:28:19,scattered clouds
431,Kaeo,-35.1,173.7833,72.16,62,100,5.14,NZ,2021-02-05 23:28:19,overcast clouds
432,Praia Da Vitoria,38.7333,-27.0667,57.2,94,75,15.93,PT,2021-02-05 23:23:37,broken clouds
433,Gravenhurst,44.9168,-79.3663,19.4,79,90,16.11,CA,2021-02-05 23:28:19,light snow
434,Sturgis,41.7992,-85.4192,15.8,62,1,17.27,US,2021-02-05 23:28:20,clear sky
435,Penzance,50.1186,-5.5371,39.0,86,20,5.75,GB,2021-02-05 23:28:20,few clouds
436,Blackwater,-23.5833,148.8833,80.31,57,26,7.58,AU,2021-02-05 23:28:20,scattered clouds
437,Rawlins,41.7911,-107.2387,30.99,59,40,21.85,US,2021-02-05 23:28:20,scattered clouds
438,Beisfjord,68.3751,17.5988,17.6,93,75,3.44,NO,2021-02-05 23:28:20,broken clouds
439,Xuanwu,32.069,118.8138,46.99,100,90,8.95,CN,2021-02-05 23:28:20,mist
440,Bam,29.106,58.357,54.5,33,0,5.61,IR,2021-02-05 23:28:21,clear sky
441,Bukachacha,52.9833,116.9167,-11.79,83,99,3.94,RU,2021-02-05 23:28:21,overcast clouds
442,Yatou,37.15,122.3833,38.34,83,0,9.42,CN,2021-02-05 23:28:21,clear sky
443,Srednekolymsk,67.45,153.6833,-24.72,85,7,1.61,RU,2021-02-05 23:28:21,clear sky
444,Ajaccio,42.0,8.9167,51.8,82,0,4.61,FR,2021-02-05 23:28:21,clear sky
445,La Sarre,48.8002,-79.1996,26.55,96,100,14.14,CA,2021-02-05 23:28:21,overcast clouds
446,Madison Heights,42.4859,-83.1052,19.99,67,40,10.36,US,2021-02-05 23:28:21,scattered clouds
447,Masakin,35.7292,10.5808,64.0,41,0,8.05,TN,2021-02-05 23:28:22,clear sky
448,Tekeli,44.83,78.8239,31.32,80,100,7.49,KZ,2021-02-05 23:28:22,overcast clouds
449,Zyryanka,65.75,150.85,-25.58,86,51,1.48,RU,2021-02-05 23:28:22,broken clouds
450,Bila Krynytsya,50.6398,29.4704,17.01,85,14,4.47,UA,2021-02-05 23:28:22,few clouds
451,Tamorong,17.3333,120.4333,73.8,73,31,3.71,PH,2021-02-05 23:28:22,scattered clouds
452,Dryden,49.7833,-92.7503,-2.2,78,90,9.22,CA,2021-02-05 23:25:22,light snow
453,Tuatapere,-46.1333,167.6833,66.29,66,94,4.65,NZ,2021-02-05 23:28:23,overcast clouds
454,Cockburn Town,21.4612,-71.1419,80.6,69,40,11.5,TC,2021-02-05 23:28:23,scattered clouds
455,Inhambane,-23.865,35.3833,78.84,86,94,7.72,MZ,2021-02-05 23:28:23,overcast clouds
456,Amga,60.8953,131.9608,-30.96,81,100,4.54,RU,2021-02-05 23:28:23,overcast clouds
457,Deputatskiy,69.3,139.9,-26.34,88,93,0.89,RU,2021-02-05 23:28:23,overcast clouds
458,Havelock,34.8791,-76.9013,54.0,100,90,8.05,US,2021-02-05 23:24:48,overcast clouds
459,Praia,14.9215,-23.5087,68.0,68,40,20.71,CV,2021-02-05 23:28:24,scattered clouds
460,Bitung,1.4451,125.1824,75.2,94,20,1.14,ID,2021-02-05 23:28:24,few clouds
461,Talant,47.3369,5.0089,48.2,93,90,4.61,FR,2021-02-05 23:28:24,overcast clouds
462,Tateyama,34.9833,139.8667,44.01,62,100,7.0,JP,2021-02-05 23:28:24,overcast clouds
463,Cedar City,37.6775,-113.0619,51.8,24,1,17.27,US,2021-02-05 23:28:24,clear sky
464,Biga,40.2281,27.2422,50.0,100,20,1.14,TR,2021-02-05 23:28:24,few clouds
465,Kosice,48.6667,21.3333,36.0,93,90,6.91,SK,2021-02-05 23:28:25,overcast clouds
466,Urusha,54.05,122.9,-18.69,83,82,3.83,RU,2021-02-05 23:28:25,broken clouds
467,Bulz,46.9167,22.6833,45.0,100,90,3.44,RO,2021-02-05 23:28:25,mist
468,Tamiahua,21.2667,-97.45,74.71,83,0,10.65,MX,2021-02-05 23:28:25,clear sky
469,Saucillo,28.0167,-105.2833,73.78,17,0,1.86,MX,2021-02-05 23:28:22,clear sky
470,Kilindoni,-7.9139,39.6668,80.42,79,8,8.63,TZ,2021-02-05 23:28:25,clear sky
471,Noyon,49.5833,3.0,46.99,93,0,4.61,FR,2021-02-05 23:28:26,clear sky
472,Rio Cauto,20.5603,-76.9161,78.8,73,40,14.97,CU,2021-02-05 23:28:26,scattered clouds
473,Beloha,-25.1667,45.05,75.79,92,68,4.09,MG,2021-02-05 23:23:42,broken clouds
474,Colares,38.7992,-9.4469,55.99,93,40,13.8,PT,2021-02-05 23:28:26,scattered clouds
475,Madison,34.7334,-86.5667,46.99,53,1,3.44,US,2021-02-05 23:23:26,clear sky
476,Komsomolskiy,40.4272,71.7189,41.0,42,100,4.61,UZ,2021-02-05 23:28:26,overcast clouds
477,Skibbereen,51.55,-9.2667,41.0,93,75,6.91,IE,2021-02-05 23:23:36,broken clouds
478,Tukrah,32.5341,20.5791,57.25,71,2,5.44,LY,2021-02-05 23:28:27,clear sky
479,Uyuni,-20.4597,-66.825,59.23,46,98,10.22,BO,2021-02-05 23:26:30,overcast clouds
480,Hambantota,6.1241,81.1185,76.66,77,99,13.29,LK,2021-02-05 23:28:27,overcast clouds
481,Raga,8.4596,25.678,68.88,24,40,7.34,SS,2021-02-05 23:28:27,scattered clouds
482,Kamenka,51.3223,42.7678,15.01,85,100,8.99,RU,2021-02-05 23:28:27,overcast clouds
483,Dalianwan,39.0286,121.695,32.0,69,0,2.24,CN,2021-02-05 23:28:27,clear sky
484,Nivala,63.9167,24.9667,6.75,95,30,5.88,FI,2021-02-05 23:28:28,scattered clouds
485,Avera,33.194,-82.5271,51.8,46,1,6.91,US,2021-02-05 23:28:28,clear sky
486,Mehamn,71.0357,27.8492,26.6,74,40,25.32,NO,2021-02-05 23:28:28,light snow
487,Nuuk,64.1835,-51.7216,17.6,73,20,17.27,GL,2021-02-05 23:28:28,few clouds
488,Bonthe,7.5264,-12.505,78.17,78,28,8.1,SL,2021-02-05 23:23:34,scattered clouds
489,Miyako,39.6367,141.9525,39.69,85,94,7.54,JP,2021-02-05 23:28:24,overcast clouds
490,Coihaique,-45.5752,-72.0662,84.2,30,0,6.91,CL,2021-02-05 23:28:29,clear sky
491,Kaitangata,-46.2817,169.8464,64.0,67,54,8.01,NZ,2021-02-05 23:23:33,broken clouds
492,Rustenburg,-25.6676,27.2421,69.49,84,100,1.95,ZA,2021-02-05 23:28:29,moderate rain
493,Noumea,-22.2763,166.4572,82.99,83,0,2.3,NC,2021-02-05 23:28:29,clear sky
494,Sivakasi,9.45,77.8167,73.4,78,20,3.44,IN,2021-02-05 23:28:29,mist
495,Adrar,20.5022,-10.0711,62.24,32,39,9.13,MR,2021-02-05 23:28:30,scattered clouds
496,Khanskaya,44.677,39.9616,32.68,91,18,11.86,RU,2021-02-05 23:28:30,few clouds
497,Chara,56.9064,118.2631,-13.56,74,94,1.34,RU,2021-02-05 23:28:30,overcast clouds
498,Yangjiang,21.85,111.9667,59.36,88,0,2.86,CN,2021-02-05 23:28:30,clear sky
499,Boppard,50.2308,7.5899,43.0,92,100,2.75,DE,2021-02-05 23:28:30,overcast clouds
500,Padang,-0.9492,100.3543,73.4,94,40,5.12,ID,2021-02-05 23:24:30,scattered clouds
501,Datong,40.0936,113.2914,24.15,86,0,4.03,CN,2021-02-05 23:28:31,clear sky
502,Pampas,-12.4,-74.9,54.84,75,93,7.16,PE,2021-02-05 23:28:31,overcast clouds
503,Makakilo City,21.3469,-158.0858,78.8,44,1,12.66,US,2021-02-05 23:28:31,clear sky
504,Nelson Bay,-32.7167,152.15,77.0,73,98,9.22,AU,2021-02-05 23:23:46,light rain
505,Skelleftea,64.7507,20.9528,12.0,92,90,6.91,SE,2021-02-05 23:26:23,overcast clouds
506,Verkhnyaya Inta,65.9811,60.3094,-14.8,87,83,9.08,RU,2021-02-05 23:28:31,broken clouds
507,Lysyye Gory,51.5506,44.8414,13.03,91,100,17.58,RU,2021-02-05 23:28:32,overcast clouds
508,Gat,31.61,34.7642,59.0,100,35,4.27,IL,2021-02-05 23:23:43,scattered clouds
509,Solano,38.2333,-121.9511,69.8,35,1,4.61,US,2021-02-05 23:28:32,clear sky
510,Dalnerechensk,45.9339,133.7225,-3.3,91,66,4.79,RU,2021-02-05 23:25:23,broken clouds
511,Port-Gentil,-0.7193,8.7815,78.8,100,20,6.96,GA,2021-02-05 23:28:32,few clouds
512,Margate,51.3813,1.3862,44.01,91,20,1.01,GB,2021-02-05 23:28:32,few clouds
513,Bolivar,37.6145,-93.4105,48.0,43,33,7.0,US,2021-02-05 23:28:32,scattered clouds
514,Ternate,0.8,127.4,80.94,80,100,6.55,ID,2021-02-05 23:28:33,overcast clouds
515,Naze,28.3667,129.4833,64.4,72,20,9.22,JP,2021-02-05 23:28:33,few clouds
516,Conceicao Da Barra,-18.5933,-39.7322,80.65,79,88,14.14,BR,2021-02-05 23:23:38,overcast clouds
517,Mutoko,-17.397,32.2268,64.71,98,57,4.29,ZW,2021-02-05 23:28:33,broken clouds
518,Nampula,-15.1165,39.2666,77.0,88,40,3.44,MZ,2021-02-05 23:28:33,light rain
519,Las Tunas,20.9617,-76.9511,78.8,73,40,14.97,CU,2021-02-05 23:28:33,scattered clouds
520,Tianpeng,30.9866,103.9393,44.01,100,0,2.24,CN,2021-02-05 23:28:34,clear sky
521,Narrabri,-30.3167,149.7833,77.0,57,75,18.41,AU,2021-02-05 23:28:34,light rain
522,Tazovskiy,67.4667,78.7,-35.73,81,53,5.84,RU,2021-02-05 23:24:06,broken clouds
523,Havoysund,70.9963,24.6622,28.4,80,75,12.66,NO,2021-02-05 23:28:34,light snow
524,Shihezi,44.3,86.0333,11.64,93,25,0.92,CN,2021-02-05 23:26:17,scattered clouds
525,Planaltina,-15.4528,-47.6142,77.0,73,40,6.91,BR,2021-02-05 23:28:35,light rain
526,Oranjemund,-28.55,16.4333,62.26,91,3,8.95,NA,2021-02-05 23:28:35,clear sky
527,Santa Maria,-29.6842,-53.8069,71.6,64,0,2.3,BR,2021-02-05 23:27:50,clear sky
528,Dodola,6.9833,39.1833,56.61,53,70,7.29,ET,2021-02-05 23:28:35,broken clouds
529,Verbilki,56.5333,37.6,8.6,72,75,13.42,RU,2021-02-05 23:28:35,light snow
530,Pontianak,-0.0333,109.3333,73.4,100,20,2.93,ID,2021-02-05 23:28:35,mist
531,Kuala Lipis,4.1842,102.0468,71.06,95,97,1.28,MY,2021-02-05 23:28:36,overcast clouds
532,Shimoda,34.6667,138.95,55.4,41,40,12.66,JP,2021-02-05 23:28:36,scattered clouds
533,Moindou,-21.6924,165.677,82.4,83,0,2.3,NC,2021-02-05 23:28:36,clear sky
534,Ericeira,38.9627,-9.4156,55.0,92,97,15.99,PT,2021-02-05 23:28:36,overcast clouds
535,Metro,-5.1131,105.3067,73.06,94,100,7.96,ID,2021-02-05 23:28:36,overcast clouds
536,Sungai Padi,6.0851,101.8766,77.0,94,20,2.3,TH,2021-02-05 23:28:36,few clouds
537,Maraa,-1.8333,-65.3667,76.68,95,100,0.85,BR,2021-02-05 23:28:37,heavy intensity rain
538,Sibolga,1.7427,98.7792,75.33,81,97,3.62,ID,2021-02-05 23:28:37,overcast clouds
539,Montepuez,-13.1256,38.9997,70.14,99,100,2.66,MZ,2021-02-05 23:28:37,overcast clouds
540,Aykhal,66.0,111.5,-34.28,81,36,3.42,RU,2021-02-05 23:28:37,scattered clouds
541,Trapani,37.8333,12.6667,64.0,72,0,19.57,IT,2021-02-05 23:28:37,clear sky
542,Mandera,3.9366,41.867,77.27,46,22,13.27,KE,2021-02-05 23:28:37,few clouds
543,Porto Velho,-8.7619,-63.9039,73.4,94,40,2.3,BR,2021-02-05 23:25:47,light rain
544,Yumen,40.2833,97.2,30.06,71,100,19.64,CN,2021-02-05 23:24:38,overcast clouds
545,Coreau,-3.5333,-40.6567,76.32,67,2,6.8,BR,2021-02-05 23:28:38,clear sky
546,Pangkalanbuun,-2.6833,111.6167,73.8,97,100,1.99,ID,2021-02-05 23:28:38,overcast clouds
547,Binzhou,37.3667,118.0167,38.16,64,0,6.78,CN,2021-02-05 23:28:38,clear sky
548,Pangnirtung,66.1451,-65.7125,19.4,86,90,4.61,CA,2021-02-05 23:28:38,light snow
549,Bakchar,57.0186,82.0711,9.0,96,89,5.64,RU,2021-02-05 23:28:38,overcast clouds
550,Chapaevsk,52.9813,49.7112,23.0,86,75,15.66,RU,2021-02-05 23:28:39,snow
551,Brigantine,39.4101,-74.3646,46.4,71,1,5.75,US,2021-02-05 23:28:39,clear sky
552,Nuevo Progreso,23.1667,-97.95,77.0,58,9,11.01,MX,2021-02-05 23:28:39,clear sky
553,Kulu,39.0951,33.0799,41.99,66,3,4.07,TR,2021-02-05 23:28:39,clear sky
554,Ilhabela,-23.7781,-45.3581,74.59,85,99,6.33,BR,2021-02-05 23:25:35,overcast clouds
555,Beringovskiy,63.05,179.3167,-5.75,88,100,9.15,RU,2021-02-05 23:28:39,overcast clouds
556,Valley City,46.9233,-98.0032,3.2,72,20,18.41,US,2021-02-05 23:28:39,light snow
557,Salta,-24.7859,-65.4117,73.4,53,40,13.8,AR,2021-02-05 23:28:40,scattered clouds
558,Qarqin,37.4185,66.0436,57.88,31,82,23.85,AF,2021-02-05 23:28:40,broken clouds
559,Shahr-E Kord,32.3256,50.8644,48.2,43,0,11.5,IR,2021-02-05 23:28:40,clear sky
560,Shizuishan,39.2333,106.7694,33.84,67,0,10.6,CN,2021-02-05 23:28:40,clear sky
561,Treinta Y Tres,-33.2333,-54.3833,63.16,77,8,9.08,UY,2021-02-05 23:24:05,clear sky
562,Te Anau,-45.4167,167.7167,69.17,53,75,2.1,NZ,2021-02-05 23:28:40,broken clouds
563,Bibbiena,43.6965,11.8135,48.99,96,93,1.9,IT,2021-02-05 23:28:41,overcast clouds
564,Turbat,26.0023,63.044,55.26,34,0,2.93,PK,2021-02-05 23:28:41,clear sky
565,Elizabeth City,36.2946,-76.2511,48.99,93,90,9.22,US,2021-02-05 23:28:41,overcast clouds
566,Matamoros,25.5333,-103.25,82.4,9,1,4.88,MX,2021-02-05 23:28:41,clear sky
567,Mao,39.8885,4.2658,62.6,63,0,16.11,ES,2021-02-05 23:23:42,clear sky
568,Dodge City,37.7528,-100.0171,51.01,25,1,3.44,US,2021-02-05 23:27:26,clear sky
569,Katsuura,35.1333,140.3,44.6,57,40,2.3,JP,2021-02-05 23:28:42,scattered clouds
570,Carutapera,-1.195,-46.02,78.24,80,92,7.23,BR,2021-02-05 23:24:29,overcast clouds
571,Toktogul,41.8708,72.9402,32.67,70,100,1.72,KG,2021-02-05 23:28:42,overcast clouds
572,Nurota,40.5614,65.6886,53.6,24,100,18.41,UZ,2021-02-05 23:28:42,overcast clouds
573,Banff,51.1762,-115.5698,3.2,85,98,11.5,CA,2021-02-05 23:24:39,light snow
574,Taoudenni,22.6783,-3.9836,78.19,23,94,3.18,ML,2021-02-05 23:28:42,overcast clouds
575,Tucupita,9.0622,-62.051,75.51,83,93,5.97,VE,2021-02-05 23:28:42,overcast clouds
576,Urumqi,43.801,87.6005,10.4,85,14,2.24,CN,2021-02-05 23:28:09,mist
577,Bowen,-20.0167,148.2333,82.4,69,40,2.3,AU,2021-02-05 23:28:43,scattered clouds
578,Biguacu,-27.4942,-48.6556,78.01,69,0,13.8,BR,2021-02-05 23:28:43,clear sky
579,La Palma,33.8464,-118.0467,72.0,46,1,6.91,US,2021-02-05 23:28:43,clear sky
580,Huambo,-12.7761,15.7392,65.23,72,97,1.66,AO,2021-02-05 23:28:43,overcast clouds
581,Contramaestre,20.2978,-76.2414,78.8,73,40,14.97,CU,2021-02-05 23:28:43,scattered clouds
582,Novobirilyussy,56.9514,90.6661,6.94,94,98,4.52,RU,2021-02-05 23:28:43,overcast clouds
583,Acapulco,16.8634,-99.8901,84.2,61,1,4.61,MX,2021-02-05 23:28:44,clear sky
584,Bengkulu,-3.8004,102.2655,75.81,82,87,4.29,ID,2021-02-05 23:28:44,overcast clouds
585,Champerico,14.3,-91.9167,84.2,65,40,6.91,GT,2021-02-05 23:28:44,scattered clouds
586,Palmer,42.1584,-72.3287,35.6,80,20,4.76,US,2021-02-05 23:25:52,few clouds
587,Huoqiu,32.3394,116.2694,44.08,74,0,5.86,CN,2021-02-05 23:28:44,clear sky
588,Hami,42.8,93.45,28.74,85,97,4.03,CN,2021-02-05 23:28:44,overcast clouds
589,Vallenar,-28.5708,-70.7581,75.42,41,33,6.4,CL,2021-02-05 23:28:45,scattered clouds
590,Ilek,51.5271,53.3831,34.14,98,100,7.47,RU,2021-02-05 23:28:45,moderate rain
591,Doha,25.2867,51.5333,69.8,83,0,12.66,QA,2021-02-05 23:28:45,clear sky
592,Khani,41.9563,42.9566,48.2,87,90,14.97,GE,2021-02-05 23:28:45,overcast clouds
593,Honiara,-9.4333,159.95,83.39,74,48,7.02,SB,2021-02-05 23:28:46,scattered clouds
594,Madingou,-4.1536,13.55,76.53,86,100,1.36,CG,2021-02-05 23:28:46,overcast clouds
595,Shache,38.4167,77.2406,26.17,84,12,1.25,CN,2021-02-05 23:28:46,few clouds
596,Karratha,-20.7377,116.8463,80.04,77,17,12.17,AU,2021-02-05 23:28:46,few clouds
597,Phan Thiet,10.9333,108.1,70.36,81,25,5.55,VN,2021-02-05 23:28:46,scattered clouds
598,Manggar,-2.8833,108.2667,79.29,84,76,11.1,ID,2021-02-05 23:23:53,broken clouds
599,Boa Vista,2.8197,-60.6733,82.4,65,20,6.91,BR,2021-02-05 23:28:47,light rain
600,Mogadishu,2.0371,45.3438,75.58,85,5,16.8,SO,2021-02-05 23:28:47,clear sky
601,Iquitos,-3.7481,-73.2472,82.4,83,75,2.3,PE,2021-02-05 23:28:47,light rain
602,Lorengau,-2.0226,147.2712,82.72,72,94,3.74,PG,2021-02-05 23:28:22,overcast clouds
603,Nanga Eboko,4.6833,12.3667,71.37,31,87,1.74,CM,2021-02-05 23:28:47,overcast clouds
604,Tolon,37.5202,22.8586,54.91,55,0,4.54,GR,2021-02-05 23:28:47,clear sky
605,Kachhwa,25.2167,82.7167,57.15,80,94,5.53,IN,2021-02-05 23:28:48,overcast clouds
606,Suhbaatar,50.2314,106.2078,-6.52,85,5,1.72,MN,2021-02-05 23:28:48,light snow
607,Port Hedland,-20.3167,118.5667,78.8,89,40,5.75,AU,2021-02-05 23:28:48,scattered clouds
608,Fez,34.0372,-4.9998,50.0,93,75,3.44,MA,2021-02-05 23:27:15,broken clouds
609,Bella Vista,36.4295,-94.2316,48.99,40,1,9.22,US,2021-02-05 23:26:17,clear sky
610,Whitehorse,60.7161,-135.0538,0.0,65,40,4.61,CA,2021-02-05 23:28:48,scattered clouds
611,Paamiut,61.994,-49.6678,20.95,77,0,7.4,GL,2021-02-05 23:28:49,clear sky
612,Zaysan,47.4667,84.8667,18.99,90,99,0.22,KZ,2021-02-05 23:28:49,overcast clouds
613,Stryn,61.9045,6.7226,3.0,82,0,1.99,NO,2021-02-05 23:28:49,clear sky
614,Talnakh,69.4865,88.3972,-25.38,84,98,4.85,RU,2021-02-05 23:28:49,overcast clouds
615,Moose Factory,51.2585,-80.6094,26.6,93,90,11.5,CA,2021-02-05 23:28:49,snow
616,Tezu,27.9167,96.1667,61.02,28,24,4.56,IN,2021-02-05 23:28:49,few clouds
617,Maun,-19.9833,23.4167,71.6,100,40,4.61,BW,2021-02-05 23:28:49,light rain
618,Abu Kamal,34.4506,40.9171,55.02,83,83,13.49,SY,2021-02-05 23:28:50,broken clouds
619,Isaka,-3.9,32.9333,65.62,89,67,2.91,TZ,2021-02-05 23:28:50,light rain
620,Harper,4.375,-7.7169,79.36,89,0,8.12,LR,2021-02-05 23:28:50,clear sky
621,San Pedro De Ycuamandiyu,-24.0917,-57.0764,72.86,73,58,4.7,PY,2021-02-05 23:28:50,broken clouds
622,Kapoeta,4.7717,33.5903,80.6,20,50,9.24,SS,2021-02-05 23:28:50,scattered clouds
623,Ganganagar,29.9167,73.8833,49.35,69,0,2.59,IN,2021-02-05 23:28:50,clear sky
624,Saint-Augustin,51.226,-58.6502,30.42,98,100,13.91,CA,2021-02-05 23:28:51,light snow
625,Birjand,32.8663,59.2211,37.4,20,0,6.91,IR,2021-02-05 23:28:51,clear sky
626,Solwezi,-12.1688,26.3894,63.61,96,100,4.34,ZM,2021-02-05 23:28:51,light rain
627,Turukhansk,65.8167,87.9833,-25.83,86,100,6.08,RU,2021-02-05 23:28:51,overcast clouds
628,Porto Belo,-27.1578,-48.5531,78.01,73,0,8.05,BR,2021-02-05 23:28:51,clear sky
629,Gondanglegi,-7.7479,112.0132,73.9,90,100,5.7,ID,2021-02-05 23:28:51,overcast clouds
630,Nemuro,43.3236,145.575,30.69,98,100,16.17,JP,2021-02-05 23:28:51,overcast clouds
631,Ugoofaaru,5.6667,73.0,81.36,75,71,10.02,MV,2021-02-05 23:28:52,broken clouds
632,Umm Kaddadah,13.6017,26.6876,58.77,34,0,14.56,SD,2021-02-05 23:25:08,clear sky
633,Bubaque,11.2833,-15.8333,79.07,63,93,18.61,GW,2021-02-05 23:28:52,overcast clouds
634,Manzil Salim,35.8567,8.4765,53.6,30,0,6.91,TN,2021-02-05 23:28:52,clear sky
635,Nizhniy Ingash,56.2,96.53,3.42,94,95,4.9,RU,2021-02-05 23:28:52,overcast clouds
636,Barcelona,41.3888,2.159,57.99,87,20,10.36,ES,2021-02-05 23:28:53,few clouds
637,Barabai,-2.5833,115.3833,74.12,92,99,1.12,ID,2021-02-05 23:26:15,overcast clouds
638,Basco,20.4487,121.9702,72.77,80,95,17.47,PH,2021-02-05 23:28:53,overcast clouds
639,Ca Mau,9.1769,105.15,73.63,81,43,6.08,VN,2021-02-05 23:28:53,scattered clouds
640,Mahanoro,-19.9,48.8,75.81,85,34,4.18,MG,2021-02-05 23:28:53,scattered clouds
641,Plover,44.4564,-89.544,8.01,72,40,14.97,US,2021-02-05 23:28:53,scattered clouds
642,Danville,36.586,-79.395,48.2,27,1,10.36,US,2021-02-05 23:24:39,clear sky
643,Waiuku,-37.25,174.75,75.99,50,75,3.44,NZ,2021-02-05 23:28:54,broken clouds
644,Maple Creek,49.9168,-109.4848,-2.2,78,100,11.5,CA,2021-02-05 23:28:54,light snow
645,Ketchikan,55.3422,-131.6461,37.4,87,90,4.61,US,2021-02-05 23:28:54,overcast clouds
646,Tigzirt,36.8886,4.1198,62.2,43,47,14.07,DZ,2021-02-05 23:28:54,scattered clouds
647,Yendi,9.4427,-0.0099,83.79,17,39,3.56,GH,2021-02-05 23:28:54,scattered clouds
648,Takahagi,36.7167,140.7167,35.6,69,20,5.75,JP,2021-02-05 23:28:54,few clouds
649,Pringsewu,-5.3582,104.9744,72.64,94,99,2.98,ID,2021-02-05 23:28:55,overcast clouds
650,Homer,59.6425,-151.5483,26.01,93,90,5.75,US,2021-02-05 23:28:39,overcast clouds
651,Usinsk,65.9939,57.5281,-15.75,88,91,14.67,RU,2021-02-05 23:28:55,overcast clouds
652,Rovaniemi,66.5,25.7167,15.8,92,90,10.36,FI,2021-02-05 23:28:34,light snow
653,Diamantino,-14.4086,-56.4461,77.47,84,84,3.94,BR,2021-02-05 23:28:55,broken clouds
654,Aulla,44.2146,9.9678,55.0,79,97,1.01,IT,2021-02-05 23:28:55,overcast clouds
655,Simpang,-1.2667,104.0833,75.58,92,95,3.22,ID,2021-02-05 23:28:55,overcast clouds
656,Kununurra,-15.7667,128.7333,80.6,100,99,4.61,AU,2021-02-05 23:28:56,overcast clouds
657,Ornskoldsvik,63.2909,18.7153,14.0,92,0,10.36,SE,2021-02-05 23:28:56,clear sky
658,Sovetskiy,61.3614,63.5842,17.44,97,100,8.12,RU,2021-02-05 23:28:56,snow
659,Fagernes,60.9858,9.2324,-2.0,80,26,4.5,NO,2021-02-05 23:28:56,scattered clouds
660,Kudirkos Naumiestis,54.7731,22.8631,12.42,95,100,5.35,LT,2021-02-05 23:28:56,overcast clouds
661,Rorvik,64.8621,11.2373,24.71,91,18,6.82,NO,2021-02-05 23:24:11,few clouds
662,Price,39.5994,-110.8107,39.2,48,90,13.8,US,2021-02-05 23:24:39,overcast clouds
663,Port Harcourt,4.7774,7.0134,82.6,76,0,7.38,NG,2021-02-05 23:28:57,clear sky
664,Samarai,-10.6167,150.6667,83.57,73,7,5.06,PG,2021-02-05 23:28:57,clear sky
665,Hervey Bay,-25.2986,152.8535,81.0,70,20,3.0,AU,2021-02-05 23:28:57,few clouds
666,Burns Lake,54.2331,-125.7533,28.4,80,100,2.68,CA,2021-02-05 23:28:57,overcast clouds
667,Klaksvik,62.2266,-6.589,32.0,100,20,4.61,FO,2021-02-05 23:28:57,light snow
668,Ambilobe,-13.2,49.05,74.19,92,82,2.17,MG,2021-02-05 23:28:58,broken clouds
669,Santa Rita,-7.1139,-34.9781,78.8,83,20,5.75,BR,2021-02-05 23:28:58,few clouds
670,Fairlie,55.756,-4.8556,37.0,92,100,5.01,GB,2021-02-05 23:28:58,overcast clouds
671,Smolenka,52.1352,113.4974,-9.4,77,8,2.71,RU,2021-02-05 23:28:58,clear sky
672,Coahuayana,18.7333,-103.6833,75.2,73,40,6.11,MX,2021-02-05 23:28:58,scattered clouds
673,Akdepe,42.0551,59.3788,51.8,54,0,11.5,TM,2021-02-05 23:28:58,clear sky
674,Arawa,-6.2132,155.5367,84.61,68,13,5.1,PG,2021-02-05 23:28:59,few clouds
675,Silvan,38.1419,41.0081,35.6,100,0,2.06,TR,2021-02-05 23:28:59,clear sky
676,Nebbi,2.4783,31.0889,73.92,28,100,4.76,UG,2021-02-05 23:28:59,overcast clouds
677,Antsohihy,-14.8796,47.9875,74.8,93,81,2.17,MG,2021-02-05 23:28:59,light rain
678,Ayr,55.4627,-4.6339,37.4,87,20,17.27,GB,2021-02-05 23:28:59,light rain
679,Cabedelo,-6.9811,-34.8339,78.8,83,20,5.75,BR,2021-02-05 23:28:59,few clouds
680,Zhoucheng,35.9122,116.3117,45.0,1,0,4.92,CN,2021-02-05 23:29:00,clear sky
681,Sao Filipe,14.8961,-24.4956,69.87,75,30,15.55,CV,2021-02-05 23:29:00,scattered clouds
682,North Platte,41.1239,-100.7654,37.4,52,1,6.91,US,2021-02-05 23:29:00,clear sky
683,Baft,29.234,56.6057,40.77,56,11,2.19,IR,2021-02-05 23:29:00,few clouds
684,Zurrieq,35.8311,14.4742,61.0,94,0,5.75,MT,2021-02-05 23:29:00,clear sky
685,Todos Santos,23.45,-110.2167,73.99,71,5,8.99,MX,2021-02-05 23:29:01,clear sky
686,Xuddur,4.1213,43.8894,67.24,87,8,16.15,SO,2021-02-05 23:25:10,clear sky
687,Huaraz,-9.5333,-77.5333,57.43,64,81,3.67,PE,2021-02-05 23:29:01,moderate rain
688,Gazli,40.1333,63.45,51.8,43,100,12.88,UZ,2021-02-05 23:29:01,overcast clouds
689,Darhan,49.4867,105.9228,-0.47,85,44,3.2,MN,2021-02-05 23:29:01,light snow
690,Malanje,-9.5402,16.341,64.65,92,100,1.88,AO,2021-02-05 23:29:01,overcast clouds
691,Soverato,38.685,16.5499,57.0,87,20,8.05,IT,2021-02-05 23:29:02,few clouds
692,Lozovo,41.7839,21.9056,35.6,93,0,1.14,MK,2021-02-05 23:29:02,clear sky
693,Mocuba,-16.8392,36.9856,74.35,97,100,1.12,MZ,2021-02-05 23:29:02,overcast clouds
694,Gibara,21.1097,-76.1317,78.8,73,40,14.97,CU,2021-02-05 23:29:02,scattered clouds
695,Goundam,16.4145,-3.6708,77.85,17,100,6.17,ML,2021-02-05 23:24:23,overcast clouds
696,Asyut,27.181,31.1837,55.4,76,0,10.36,EG,2021-02-05 23:29:02,clear sky
697,Amahai,-3.3333,128.9167,80.89,76,84,3.67,ID,2021-02-05 23:29:03,broken clouds
698,Kheralu,23.8833,72.6167,56.73,36,0,8.1,IN,2021-02-05 23:29:03,clear sky
699,Awjilah,29.1081,21.2869,53.2,59,0,2.37,LY,2021-02-05 23:29:03,clear sky
